Provider_ID,Provider_Name
331,Provider 1
332,Provider 2
333,Provider 3
334,Provider 4
335,Provider 5
336,Provider 6
337,Provider 7
338,Provider 8
339,Provider 9
340,Provider 10
341,Provider 11
342,Provider 12
343,Provider 13
344,Provider 14
345,Provider 15
346,Provider 16
347,Provider 17
348,Provider 18
349,Provider 19
350,Provider 20
351,Provider 21
352,Provider 22
353,Provider 23
354,Provider 24
355,Provider 25
356,Provider 26
357,Provider 27
358,Provider 28
359,Provider 29
360,Provider 30
361,Provider 31
362,Provider 32
363,Provider 33
364,Provider 34
365,Provider 35
366,Provider 36
367,Provider 37
368,Provider 38
369,Provider 39
370,Provider 40
371,Provider 41
372,Provider 42
373,Provider 43
374,Provider 44
375,Provider 45
376,Provider 46
377,Provider 47
378,Provider 48
379,Provider 49
380,Provider 50
381,Provider 51
382,Provider 52
383,Provider 53
384,Provider 54
385,Provider 55
386,Provider 56
387,Provider 57
388,Provider 58
389,Provider 59
390,Provider 60
391,Provider 61
392,Provider 62
393,Provider 63
